"Week","Skill","category","job_count","last_updated_utc"
"2026-W1-v1","adaptability","soft","1","2026-03-15T01:57:21.779456+00:00"
"2026-W1-v1","advanced analytics","technical","1","2026-03-15T01:57:21.779456+00:00"
"2026-W1-v1","ai","technical","2","2026-03-15T01:57:21.779456+00:00"
"2026-W1-v1","analytical skills","soft","2","2026-03-15T01:57:21.779456+00:00"
"2026-W1-v1","analytical thinking","soft","1","2026-03-15T01:57:21.779456+00:00"
"2026-W1-v1","api integration","technical","1","2026-03-15T01:57:21.779456+00:00"
"2026-W1-v1","apis","technical","1","2026-03-15T01:57:21.779456+00:00"
"2026-W1-v1","attention to detail","soft","2","2026-03-15T01:57:21.779456+00:00"
"2026-W1-v1","aws","technical","2","2026-03-15T01:57:21.779456+00:00"
"2026-W1-v1","aws sagemaker","technical","1","2026-03-15T01:57:21.779456+00:00"
"2026-W1-v1","azure","technical","1","2026-03-15T01:57:21.779456+00:00"
"2026-W1-v1","azure ml","technical","1","2026-03-15T01:57:21.779456+00:00"
"2026-W1-v1","bayesian statistics","technical","1","2026-03-15T01:57:21.779456+00:00"
"2026-W1-v1","beautiful soup","technical","1","2026-03-15T01:57:21.779456+00:00"
"2026-W1-v1","big data","technical","1","2026-03-15T01:57:21.779456+00:00"
"2026-W1-v1","bigquery","technical","1","2026-03-15T01:57:21.779456+00:00"
"2026-W1-v1","business communication","soft","1","2026-03-15T01:57:21.779456+00:00"
"2026-W1-v1","c++","technical","1","2026-03-15T01:57:21.779456+00:00"
"2026-W1-v1","calabrio","technical","1","2026-03-15T01:57:21.779456+00:00"
"2026-W1-v1","causal inference","technical","1","2026-03-15T01:57:21.779456+00:00"
"2026-W1-v1","chatgpt","technical","1","2026-03-15T01:57:21.779456+00:00"
"2026-W1-v1","claude","technical","1","2026-03-15T01:57:21.779456+00:00"
"2026-W1-v1","cloud computing","technical","1","2026-03-15T01:57:21.779456+00:00"
"2026-W1-v1","clustering","technical","1","2026-03-15T01:57:21.779456+00:00"
"2026-W1-v1","code review","technical","1","2026-03-15T01:57:21.779456+00:00"
"2026-W1-v1","collaboration","soft","7","2026-03-15T01:57:21.779456+00:00"
"2026-W1-v1","communication","soft","9","2026-03-15T01:57:21.779456+00:00"
"2026-W1-v1","cross-functional collaboration","soft","2","2026-03-15T01:57:21.779456+00:00"
"2026-W1-v1","curiosity","soft","1","2026-03-15T01:57:21.779456+00:00"
"2026-W1-v1","dashboard development","technical","1","2026-03-15T01:57:21.779456+00:00"
"2026-W1-v1","data analytics","soft","1","2026-03-15T01:57:21.779456+00:00"
"2026-W1-v1","data mining","technical","1","2026-03-15T01:57:21.779456+00:00"
"2026-W1-v1","data modeling","technical","1","2026-03-15T01:57:21.779456+00:00"
"2026-W1-v1","data pipelines","technical","1","2026-03-15T01:57:21.779456+00:00"
"2026-W1-v1","data quality monitoring","technical","1","2026-03-15T01:57:21.779456+00:00"
"2026-W1-v1","data science","technical","3","2026-03-15T01:57:21.779456+00:00"
"2026-W1-v1","data storytelling","soft","1","2026-03-15T01:57:21.779456+00:00"
"2026-W1-v1","data visualization","soft","1","2026-03-15T01:57:21.779456+00:00"
"2026-W1-v1","database systems","technical","1","2026-03-15T01:57:21.779456+00:00"
"2026-W1-v1","detail-oriented","soft","1","2026-03-15T01:57:21.779456+00:00"
"2026-W1-v1","distributed computing","technical","1","2026-03-15T01:57:21.779456+00:00"
"2026-W1-v1","etl","technical","1","2026-03-15T01:57:21.779456+00:00"
"2026-W1-v1","etl frameworks","technical","1","2026-03-15T01:57:21.779456+00:00"
"2026-W1-v1","excel","technical","3","2026-03-15T01:57:21.779456+00:00"
"2026-W1-v1","experimental design","technical","1","2026-03-15T01:57:21.779456+00:00"
"2026-W1-v1","forecasting","technical","1","2026-03-15T01:57:21.779456+00:00"
"2026-W1-v1","gcp","technical","1","2026-03-15T01:57:21.779456+00:00"
"2026-W1-v1","generalized linear models","technical","1","2026-03-15T01:57:21.779456+00:00"
"2026-W1-v1","github","technical","1","2026-03-15T01:57:21.779456+00:00"
"2026-W1-v1","google sheets","technical","1","2026-03-15T01:57:21.779456+00:00"
"2026-W1-v1","hadoop","technical","1","2026-03-15T01:57:21.779456+00:00"
"2026-W1-v1","hypothesis testing","soft","1","2026-03-15T01:57:21.779456+00:00"
"2026-W1-v1","independent work","soft","1","2026-03-15T01:57:21.779456+00:00"
"2026-W1-v1","java","technical","1","2026-03-15T01:57:21.779456+00:00"
"2026-W1-v1","kafka","technical","1","2026-03-15T01:57:21.779456+00:00"
"2026-W1-v1","leadership","soft","2","2026-03-15T01:57:21.779456+00:00"
"2026-W1-v1","learning agility","soft","1","2026-03-15T01:57:21.779456+00:00"
"2026-W1-v1","llm","technical","2","2026-03-15T01:57:21.779456+00:00"
"2026-W1-v1","logistic regression","technical","1","2026-03-15T01:57:21.779456+00:00"
"2026-W1-v1","looker","technical","3","2026-03-15T01:57:21.779456+00:00"
"2026-W1-v1","machine learning","technical","5","2026-03-15T01:57:21.779456+00:00"
"2026-W1-v1","machine learning algorithms","technical","1","2026-03-15T01:57:21.779456+00:00"
"2026-W1-v1","machine learning ides","technical","1","2026-03-15T01:57:21.779456+00:00"
"2026-W1-v1","matlab","technical","1","2026-03-15T01:57:21.779456+00:00"
"2026-W1-v1","mentorship","soft","1","2026-03-15T01:57:21.779456+00:00"
"2026-W1-v1","mlops","technical","1","2026-03-15T01:57:21.779456+00:00"
"2026-W1-v1","model deployment","technical","1","2026-03-15T01:57:21.779456+00:00"
"2026-W1-v1","nosql","technical","1","2026-03-15T01:57:21.779456+00:00"
"2026-W1-v1","optimization","technical","1","2026-03-15T01:57:21.779456+00:00"
"2026-W1-v1","organizational skills","soft","1","2026-03-15T01:57:21.779456+00:00"
"2026-W1-v1","pandas","technical","1","2026-03-15T01:57:21.779456+00:00"
"2026-W1-v1","partnership building","soft","1","2026-03-15T01:57:21.779456+00:00"
"2026-W1-v1","passion for data-driven impact","soft","1","2026-03-15T01:57:21.779456+00:00"
"2026-W1-v1","power bi","technical","3","2026-03-15T01:57:21.779456+00:00"
"2026-W1-v1","predictive analytics","technical","1","2026-03-15T01:57:21.779456+00:00"
"2026-W1-v1","predictive models","technical","2","2026-03-15T01:57:21.779456+00:00"
"2026-W1-v1","prioritization","soft","1","2026-03-15T01:57:21.779456+00:00"
"2026-W1-v1","problem framing","soft","1","2026-03-15T01:57:21.779456+00:00"
"2026-W1-v1","problem-solving","soft","6","2026-03-15T01:57:21.779456+00:00"
"2026-W1-v1","project management","soft","2","2026-03-15T01:57:21.779456+00:00"
"2026-W1-v1","python","technical","7","2026-03-15T01:57:21.779456+00:00"
"2026-W1-v1","pytorch","technical","1","2026-03-15T01:57:21.779456+00:00"
"2026-W1-v1","r","technical","4","2026-03-15T01:57:21.779456+00:00"
"2026-W1-v1","regression","technical","1","2026-03-15T01:57:21.779456+00:00"
"2026-W1-v1","regression analysis","technical","1","2026-03-15T01:57:21.779456+00:00"
"2026-W1-v1","rest apis","technical","1","2026-03-15T01:57:21.779456+00:00"
"2026-W1-v1","salesforce","technical","1","2026-03-15T01:57:21.779456+00:00"
"2026-W1-v1","sas","technical","1","2026-03-15T01:57:21.779456+00:00"
"2026-W1-v1","scikit-learn","technical","1","2026-03-15T01:57:21.779456+00:00"
"2026-W1-v1","self-directed","soft","1","2026-03-15T01:57:21.779456+00:00"
"2026-W1-v1","self-motivation","soft","1","2026-03-15T01:57:21.779456+00:00"
"2026-W1-v1","snowflake","technical","1","2026-03-15T01:57:21.779456+00:00"
"2026-W1-v1","spark","technical","1","2026-03-15T01:57:21.779456+00:00"
"2026-W1-v1","sports analytics","technical","1","2026-03-15T01:57:21.779456+00:00"
"2026-W1-v1","spreadsheet tools","technical","1","2026-03-15T01:57:21.779456+00:00"
"2026-W1-v1","sql","technical","9","2026-03-15T01:57:21.779456+00:00"
"2026-W1-v1","stakeholder management","soft","6","2026-03-15T01:57:21.779456+00:00"
"2026-W1-v1","statistical analysis","technical","6","2026-03-15T01:57:21.779456+00:00"
"2026-W1-v1","statistical modeling","technical","1","2026-03-15T01:57:21.779456+00:00"
"2026-W1-v1","statistical techniques","technical","1","2026-03-15T01:57:21.779456+00:00"
"2026-W1-v1","statsmodels","technical","1","2026-03-15T01:57:21.779456+00:00"
"2026-W1-v1","storytelling","soft","1","2026-03-15T01:57:21.779456+00:00"
"2026-W1-v1","strategic thinking","soft","1","2026-03-15T01:57:21.779456+00:00"
"2026-W1-v1","supervised learning","technical","2","2026-03-15T01:57:21.779456+00:00"
"2026-W1-v1","tableau","technical","3","2026-03-15T01:57:21.779456+00:00"
"2026-W1-v1","time management","soft","1","2026-03-15T01:57:21.779456+00:00"
"2026-W1-v1","time series analysis","technical","2","2026-03-15T01:57:21.779456+00:00"
"2026-W1-v1","time series forecasting","technical","1","2026-03-15T01:57:21.779456+00:00"
"2026-W1-v1","translate business problems to technical solutions","soft","1","2026-03-15T01:57:21.779456+00:00"
"2026-W1-v1","version control","technical","1","2026-03-15T01:57:21.779456+00:00"
"2026-W1-v1","web scraping","technical","1","2026-03-15T01:57:21.779456+00:00"
"2026-W5-v1","a/b testing","technical","3","2026-03-15T01:56:19.158799+00:00"
"2026-W5-v1","adaptability","soft","3","2026-03-15T01:56:19.158799+00:00"
"2026-W5-v1","adobe analytics","technical","1","2026-03-15T01:56:19.158799+00:00"
"2026-W5-v1","agile practices","soft","1","2026-03-15T01:56:19.158799+00:00"
"2026-W5-v1","ai tools","technical","1","2026-03-15T01:56:19.158799+00:00"
"2026-W5-v1","analytical skills","soft","1","2026-03-15T01:56:19.158799+00:00"
"2026-W5-v1","analytical thinking","soft","4","2026-03-15T01:56:19.158799+00:00"
"2026-W5-v1","analytics","technical","2","2026-03-15T01:56:19.158799+00:00"
"2026-W5-v1","attention to detail","soft","2","2026-03-15T01:56:19.158799+00:00"
"2026-W5-v1","attribution modeling","technical","1","2026-03-15T01:56:19.158799+00:00"
"2026-W5-v1","aws","technical","2","2026-03-15T01:56:19.158799+00:00"
"2026-W5-v1","bi dashboarding","technical","1","2026-03-15T01:56:19.158799+00:00"
"2026-W5-v1","bond performance analysis","technical","1","2026-03-15T01:56:19.158799+00:00"
"2026-W5-v1","business judgment","soft","1","2026-03-15T01:56:19.158799+00:00"
"2026-W5-v1","cas","technical","1","2026-03-15T01:56:19.158799+00:00"
"2026-W5-v1","cash flow modeling","technical","1","2026-03-15T01:56:19.158799+00:00"
"2026-W5-v1","causal inference","technical","1","2026-03-15T01:56:19.158799+00:00"
"2026-W5-v1","cloud data platforms","technical","1","2026-03-15T01:56:19.158799+00:00"
"2026-W5-v1","cohort analysis","technical","2","2026-03-15T01:56:19.158799+00:00"
"2026-W5-v1","collaboration","soft","3","2026-03-15T01:56:19.158799+00:00"
"2026-W5-v1","collateral integrity checks","technical","1","2026-03-15T01:56:19.158799+00:00"
"2026-W5-v1","communication","soft","9","2026-03-15T01:56:19.158799+00:00"
"2026-W5-v1","confluence","technical","1","2026-03-15T01:56:19.158799+00:00"
"2026-W5-v1","credit modeling","technical","1","2026-03-15T01:56:19.158799+00:00"
"2026-W5-v1","cross-functional collaboration","soft","1","2026-03-15T01:56:19.158799+00:00"
"2026-W5-v1","data modeling","technical","4","2026-03-15T01:56:19.158799+00:00"
"2026-W5-v1","data pipelines","technical","1","2026-03-15T01:56:19.158799+00:00"
"2026-W5-v1","data transformation","technical","1","2026-03-15T01:56:19.158799+00:00"
"2026-W5-v1","data validation","technical","1","2026-03-15T01:56:19.158799+00:00"
"2026-W5-v1","data visualization","technical","1","2026-03-15T01:56:19.158799+00:00"
"2026-W5-v1","data warehouse","technical","1","2026-03-15T01:56:19.158799+00:00"
"2026-W5-v1","data-driven decision making","soft","1","2026-03-15T01:56:19.158799+00:00"
"2026-W5-v1","dbt","technical","3","2026-03-15T01:56:19.158799+00:00"
"2026-W5-v1","decision making","soft","1","2026-03-15T01:56:19.158799+00:00"
"2026-W5-v1","documentation","soft","1","2026-03-15T01:56:19.158799+00:00"
"2026-W5-v1","drift detection","technical","1","2026-03-15T01:56:19.158799+00:00"
"2026-W5-v1","etl","technical","2","2026-03-15T01:56:19.158799+00:00"
"2026-W5-v1","excel","technical","2","2026-03-15T01:56:19.158799+00:00"
"2026-W5-v1","experimental design","technical","1","2026-03-15T01:56:19.158799+00:00"
"2026-W5-v1","feature engineering","technical","1","2026-03-15T01:56:19.158799+00:00"
"2026-W5-v1","geo-experiments","technical","1","2026-03-15T01:56:19.158799+00:00"
"2026-W5-v1","google sheets","technical","1","2026-03-15T01:56:19.158799+00:00"
"2026-W5-v1","hadoop","technical","1","2026-03-15T01:56:19.158799+00:00"
"2026-W5-v1","hex","technical","2","2026-03-15T01:56:19.158799+00:00"
"2026-W5-v1","hierarchical models","technical","1","2026-03-15T01:56:19.158799+00:00"
"2026-W5-v1","hyperparameter tuning","technical","1","2026-03-15T01:56:19.158799+00:00"
"2026-W5-v1","hypothesis testing","technical","1","2026-03-15T01:56:19.158799+00:00"
"2026-W5-v1","incrementality testing","technical","1","2026-03-15T01:56:19.158799+00:00"
"2026-W5-v1","intellectual curiosity","soft","1","2026-03-15T01:56:19.158799+00:00"
"2026-W5-v1","jira","technical","1","2026-03-15T01:56:19.158799+00:00"
"2026-W5-v1","json parsing","technical","1","2026-03-15T01:56:19.158799+00:00"
"2026-W5-v1","leadership","soft","1","2026-03-15T01:56:19.158799+00:00"
"2026-W5-v1","learning agility","soft","1","2026-03-15T01:56:19.158799+00:00"
"2026-W5-v1","loan pricing","technical","1","2026-03-15T01:56:19.158799+00:00"
"2026-W5-v1","loan tape data analysis","technical","1","2026-03-15T01:56:19.158799+00:00"
"2026-W5-v1","looker","technical","1","2026-03-15T01:56:19.158799+00:00"
"2026-W5-v1","machine learning","technical","2","2026-03-15T01:56:19.158799+00:00"
"2026-W5-v1","marketing measurement","technical","1","2026-03-15T01:56:19.158799+00:00"
"2026-W5-v1","marketing mix modeling","technical","1","2026-03-15T01:56:19.158799+00:00"
"2026-W5-v1","matplotlib","technical","1","2026-03-15T01:56:19.158799+00:00"
"2026-W5-v1","meta-analysis","technical","1","2026-03-15T01:56:19.158799+00:00"
"2026-W5-v1","metabase","technical","1","2026-03-15T01:56:19.158799+00:00"
"2026-W5-v1","model monitoring","technical","1","2026-03-15T01:56:19.158799+00:00"
"2026-W5-v1","modeling","technical","1","2026-03-15T01:56:19.158799+00:00"
"2026-W5-v1","negotiation","soft","1","2026-03-15T01:56:19.158799+00:00"
"2026-W5-v1","numpy","technical","1","2026-03-15T01:56:19.158799+00:00"
"2026-W5-v1","organizational skills","soft","1","2026-03-15T01:56:19.158799+00:00"
"2026-W5-v1","ownership","soft","1","2026-03-15T01:56:19.158799+00:00"
"2026-W5-v1","pandas","technical","1","2026-03-15T01:56:19.158799+00:00"
"2026-W5-v1","pivottables","technical","1","2026-03-15T01:56:19.158799+00:00"
"2026-W5-v1","plotly","technical","1","2026-03-15T01:56:19.158799+00:00"
"2026-W5-v1","portfolio surveillance","technical","1","2026-03-15T01:56:19.158799+00:00"
"2026-W5-v1","power bi","technical","1","2026-03-15T01:56:19.158799+00:00"
"2026-W5-v1","powerpoint","technical","2","2026-03-15T01:56:19.158799+00:00"
"2026-W5-v1","predictive modeling","technical","1","2026-03-15T01:56:19.158799+00:00"
"2026-W5-v1","problem solving","soft","4","2026-03-15T01:56:19.158799+00:00"
"2026-W5-v1","project management","soft","2","2026-03-15T01:56:19.158799+00:00"
"2026-W5-v1","python","technical","6","2026-03-15T01:56:19.158799+00:00"
"2026-W5-v1","quasi-experimental methods","technical","1","2026-03-15T01:56:19.158799+00:00"
"2026-W5-v1","r","technical","3","2026-03-15T01:56:19.158799+00:00"
"2026-W5-v1","reporting automation","technical","1","2026-03-15T01:56:19.158799+00:00"
"2026-W5-v1","resilience","soft","1","2026-03-15T01:56:19.158799+00:00"
"2026-W5-v1","results orientation","soft","1","2026-03-15T01:56:19.158799+00:00"
"2026-W5-v1","scikit-learn","technical","1","2026-03-15T01:56:19.158799+00:00"
"2026-W5-v1","scipy","technical","1","2026-03-15T01:56:19.158799+00:00"
"2026-W5-v1","seaborn","technical","1","2026-03-15T01:56:19.158799+00:00"
"2026-W5-v1","snowflake","technical","4","2026-03-15T01:56:19.158799+00:00"
"2026-W5-v1","spark","technical","1","2026-03-15T01:56:19.158799+00:00"
"2026-W5-v1","sql","technical","9","2026-03-15T01:56:19.158799+00:00"
"2026-W5-v1","stakeholder management","soft","3","2026-03-15T01:56:19.158799+00:00"
"2026-W5-v1","statistical modeling","technical","2","2026-03-15T01:56:19.158799+00:00"
"2026-W5-v1","storytelling","soft","1","2026-03-15T01:56:19.158799+00:00"
"2026-W5-v1","strategic planning","soft","1","2026-03-15T01:56:19.158799+00:00"
"2026-W5-v1","strategic thinking","soft","1","2026-03-15T01:56:19.158799+00:00"
"2026-W5-v1","tableau","technical","4","2026-03-15T01:56:19.158799+00:00"
"2026-W5-v1","time series analysis","technical","2","2026-03-15T01:56:19.158799+00:00"
"2026-W5-v1","vlookup","technical","1","2026-03-15T01:56:19.158799+00:00"
"2026-W2-v1","a/b testing","technical","1","2026-03-15T01:57:05.751515+00:00"
"2026-W2-v1","adaptability","soft","3","2026-03-15T01:57:05.751515+00:00"
"2026-W2-v1","additive modeling","technical","1","2026-03-15T01:57:05.751515+00:00"
"2026-W2-v1","agile methodology","soft","1","2026-03-15T01:57:05.751515+00:00"
"2026-W2-v1","ai/ml models","technical","1","2026-03-15T01:57:05.751515+00:00"
"2026-W2-v1","ai/ml/llm","technical","1","2026-03-15T01:57:05.751515+00:00"
"2026-W2-v1","airflow","technical","2","2026-03-15T01:57:05.751515+00:00"
"2026-W2-v1","algorithms","technical","1","2026-03-15T01:57:05.751515+00:00"
"2026-W2-v1","alteryx","technical","1","2026-03-15T01:57:05.751515+00:00"
"2026-W2-v1","amplitude","technical","1","2026-03-15T01:57:05.751515+00:00"
"2026-W2-v1","analytical problem solving","soft","1","2026-03-15T01:57:05.751515+00:00"
"2026-W2-v1","analytical skills","soft","1","2026-03-15T01:57:05.751515+00:00"
"2026-W2-v1","apis","technical","1","2026-03-15T01:57:05.751515+00:00"
"2026-W2-v1","attention to detail","soft","2","2026-03-15T01:57:05.751515+00:00"
"2026-W2-v1","aws","technical","5","2026-03-15T01:57:05.751515+00:00"
"2026-W2-v1","azure","technical","1","2026-03-15T01:57:05.751515+00:00"
"2026-W2-v1","bash","technical","1","2026-03-15T01:57:05.751515+00:00"
"2026-W2-v1","behavioral analytics","technical","1","2026-03-15T01:57:05.751515+00:00"
"2026-W2-v1","bi tools","technical","1","2026-03-15T01:57:05.751515+00:00"
"2026-W2-v1","bigquery","technical","2","2026-03-15T01:57:05.751515+00:00"
"2026-W2-v1","business acumen","soft","2","2026-03-15T01:57:05.751515+00:00"
"2026-W2-v1","business intelligence","technical","2","2026-03-15T01:57:05.751515+00:00"
"2026-W2-v1","business narrative translation","soft","1","2026-03-15T01:57:05.751515+00:00"
"2026-W2-v1","c++","technical","1","2026-03-15T01:57:05.751515+00:00"
"2026-W2-v1","capacity expansion modeling","technical","1","2026-03-15T01:57:05.751515+00:00"
"2026-W2-v1","classification","technical","1","2026-03-15T01:57:05.751515+00:00"
"2026-W2-v1","client service","soft","1","2026-03-15T01:57:05.751515+00:00"
"2026-W2-v1","cloud computing","technical","2","2026-03-15T01:57:05.751515+00:00"
"2026-W2-v1","cloud environments","technical","1","2026-03-15T01:57:05.751515+00:00"
"2026-W2-v1","clustering","technical","1","2026-03-15T01:57:05.751515+00:00"
"2026-W2-v1","coaching","soft","1","2026-03-15T01:57:05.751515+00:00"
"2026-W2-v1","collaboration","soft","8","2026-03-15T01:57:05.751515+00:00"
"2026-W2-v1","communication","soft","13","2026-03-15T01:57:05.751515+00:00"
"2026-W2-v1","conda","technical","1","2026-03-15T01:57:05.751515+00:00"
"2026-W2-v1","confusion matrix","technical","1","2026-03-15T01:57:05.751515+00:00"
"2026-W2-v1","containerization","technical","1","2026-03-15T01:57:05.751515+00:00"
"2026-W2-v1","convolutional neural networks","technical","1","2026-03-15T01:57:05.751515+00:00"
"2026-W2-v1","creativity","soft","3","2026-03-15T01:57:05.751515+00:00"
"2026-W2-v1","critical thinking","soft","2","2026-03-15T01:57:05.751515+00:00"
"2026-W2-v1","cross-functional collaboration","soft","2","2026-03-15T01:57:05.751515+00:00"
"2026-W2-v1","customer-facing communication","soft","1","2026-03-15T01:57:05.751515+00:00"
"2026-W2-v1","dashboard design","technical","1","2026-03-15T01:57:05.751515+00:00"
"2026-W2-v1","dashboard development","technical","1","2026-03-15T01:57:05.751515+00:00"
"2026-W2-v1","dashboards","technical","1","2026-03-15T01:57:05.751515+00:00"
"2026-W2-v1","data analytics","soft","1","2026-03-15T01:57:05.751515+00:00"
"2026-W2-v1","data architecture","technical","1","2026-03-15T01:57:05.751515+00:00"
"2026-W2-v1","data collection and analysis","technical","1","2026-03-15T01:57:05.751515+00:00"
"2026-W2-v1","data mining","technical","3","2026-03-15T01:57:05.751515+00:00"
"2026-W2-v1","data modeling","technical","3","2026-03-15T01:57:05.751515+00:00"
"2026-W2-v1","data pipelines","technical","2","2026-03-15T01:57:05.751515+00:00"
"2026-W2-v1","data platforms","technical","1","2026-03-15T01:57:05.751515+00:00"
"2026-W2-v1","data quality","technical","1","2026-03-15T01:57:05.751515+00:00"
"2026-W2-v1","data science","technical","1","2026-03-15T01:57:05.751515+00:00"
"2026-W2-v1","data transformation","technical","1","2026-03-15T01:57:05.751515+00:00"
"2026-W2-v1","data visualization","soft","1","2026-03-15T01:57:05.751515+00:00"
"2026-W2-v1","data warehouse","technical","1","2026-03-15T01:57:05.751515+00:00"
"2026-W2-v1","databricks","technical","2","2026-03-15T01:57:05.751515+00:00"
"2026-W2-v1","dbt","technical","1","2026-03-15T01:57:05.751515+00:00"
"2026-W2-v1","deep learning","technical","1","2026-03-15T01:57:05.751515+00:00"
"2026-W2-v1","document analysis","technical","1","2026-03-15T01:57:05.751515+00:00"
"2026-W2-v1","documentation","soft","1","2026-03-15T01:57:05.751515+00:00"
"2026-W2-v1","econometric analysis","technical","1","2026-03-15T01:57:05.751515+00:00"
"2026-W2-v1","economic modeling","technical","1","2026-03-15T01:57:05.751515+00:00"
"2026-W2-v1","elt","technical","1","2026-03-15T01:57:05.751515+00:00"
"2026-W2-v1","empathy","soft","1","2026-03-15T01:57:05.751515+00:00"
"2026-W2-v1","enelytix/pso","technical","1","2026-03-15T01:57:05.751515+00:00"
"2026-W2-v1","ensemble modeling","technical","1","2026-03-15T01:57:05.751515+00:00"
"2026-W2-v1","etl","technical","2","2026-03-15T01:57:05.751515+00:00"
"2026-W2-v1","excel","technical","2","2026-03-15T01:57:05.751515+00:00"
"2026-W2-v1","experimental design","technical","1","2026-03-15T01:57:05.751515+00:00"
"2026-W2-v1","experimentation","soft","1","2026-03-15T01:57:05.751515+00:00"
"2026-W2-v1","factor analysis","technical","1","2026-03-15T01:57:05.751515+00:00"
"2026-W2-v1","financial acumen","soft","1","2026-03-15T01:57:05.751515+00:00"
"2026-W2-v1","financial data analysis","technical","1","2026-03-15T01:57:05.751515+00:00"
"2026-W2-v1","financial modeling","technical","2","2026-03-15T01:57:05.751515+00:00"
"2026-W2-v1","financial systems","technical","1","2026-03-15T01:57:05.751515+00:00"
"2026-W2-v1","fivetran","technical","1","2026-03-15T01:57:05.751515+00:00"
"2026-W2-v1","fraud detection","technical","1","2026-03-15T01:57:05.751515+00:00"
"2026-W2-v1","full stack development","technical","1","2026-03-15T01:57:05.751515+00:00"
"2026-W2-v1","gams","technical","1","2026-03-15T01:57:05.751515+00:00"
"2026-W2-v1","gcp","technical","1","2026-03-15T01:57:05.751515+00:00"
"2026-W2-v1","git","technical","2","2026-03-15T01:57:05.751515+00:00"
"2026-W2-v1","google analytics","technical","1","2026-03-15T01:57:05.751515+00:00"
"2026-W2-v1","gurobi optimizer","technical","1","2026-03-15T01:57:05.751515+00:00"
"2026-W2-v1","h2o","technical","1","2026-03-15T01:57:05.751515+00:00"
"2026-W2-v1","hadoop","technical","1","2026-03-15T01:57:05.751515+00:00"
"2026-W2-v1","hightouch","technical","1","2026-03-15T01:57:05.751515+00:00"
"2026-W2-v1","hive","technical","2","2026-03-15T01:57:05.751515+00:00"
"2026-W2-v1","hypothesis testing","technical","1","2026-03-15T01:57:05.751515+00:00"
"2026-W2-v1","identity verification","technical","1","2026-03-15T01:57:05.751515+00:00"
"2026-W2-v1","innovation","soft","2","2026-03-15T01:57:05.751515+00:00"
"2026-W2-v1","intellectual curiosity","soft","1","2026-03-15T01:57:05.751515+00:00"
"2026-W2-v1","interpersonal skills","soft","2","2026-03-15T01:57:05.751515+00:00"
"2026-W2-v1","java","technical","1","2026-03-15T01:57:05.751515+00:00"
"2026-W2-v1","jira","technical","1","2026-03-15T01:57:05.751515+00:00"
"2026-W2-v1","keras","technical","1","2026-03-15T01:57:05.751515+00:00"
"2026-W2-v1","langchain","technical","1","2026-03-15T01:57:05.751515+00:00"
"2026-W2-v1","langraph","technical","1","2026-03-15T01:57:05.751515+00:00"
"2026-W2-v1","large language models","technical","1","2026-03-15T01:57:05.751515+00:00"
"2026-W2-v1","lda","technical","1","2026-03-15T01:57:05.751515+00:00"
"2026-W2-v1","leadership","soft","3","2026-03-15T01:57:05.751515+00:00"
"2026-W2-v1","learning and development","soft","1","2026-03-15T01:57:05.751515+00:00"
"2026-W2-v1","llm-as-a-judge systems","technical","1","2026-03-15T01:57:05.751515+00:00"
"2026-W2-v1","llms","technical","1","2026-03-15T01:57:05.751515+00:00"
"2026-W2-v1","looker","technical","2","2026-03-15T01:57:05.751515+00:00"
"2026-W2-v1","lookml","technical","1","2026-03-15T01:57:05.751515+00:00"
"2026-W2-v1","machine learning","technical","9","2026-03-15T01:57:05.751515+00:00"
"2026-W2-v1","machine learning models","technical","3","2026-03-15T01:57:05.751515+00:00"
"2026-W2-v1","market data","technical","1","2026-03-15T01:57:05.751515+00:00"
"2026-W2-v1","matplotlib","technical","1","2026-03-15T01:57:05.751515+00:00"
"2026-W2-v1","model architecture","technical","1","2026-03-15T01:57:05.751515+00:00"
"2026-W2-v1","model deployment","technical","1","2026-03-15T01:57:05.751515+00:00"
"2026-W2-v1","model optimization","technical","1","2026-03-15T01:57:05.751515+00:00"
"2026-W2-v1","multivariate statistical analysis","technical","1","2026-03-15T01:57:05.751515+00:00"
"2026-W2-v1","numpy","technical","2","2026-03-15T01:57:05.751515+00:00"
"2026-W2-v1","oracle","technical","1","2026-03-15T01:57:05.751515+00:00"
"2026-W2-v1","orchestration","technical","1","2026-03-15T01:57:05.751515+00:00"
"2026-W2-v1","ownership","soft","1","2026-03-15T01:57:05.751515+00:00"
"2026-W2-v1","pandas","technical","2","2026-03-15T01:57:05.751515+00:00"
"2026-W2-v1","postgresql","technical","1","2026-03-15T01:57:05.751515+00:00"
"2026-W2-v1","power system modeling","technical","1","2026-03-15T01:57:05.751515+00:00"
"2026-W2-v1","powerbi","technical","2","2026-03-15T01:57:05.751515+00:00"
"2026-W2-v1","predictive analytics","technical","2","2026-03-15T01:57:05.751515+00:00"
"2026-W2-v1","predictive modeling","technical","1","2026-03-15T01:57:05.751515+00:00"
"2026-W2-v1","presentation","soft","1","2026-03-15T01:57:05.751515+00:00"
"2026-W2-v1","presentation skills","soft","1","2026-03-15T01:57:05.751515+00:00"
"2026-W2-v1","presenting","soft","1","2026-03-15T01:57:05.751515+00:00"
"2026-W2-v1","presto","technical","1","2026-03-15T01:57:05.751515+00:00"
"2026-W2-v1","principal component analysis","technical","1","2026-03-15T01:57:05.751515+00:00"
"2026-W2-v1","proactivity","soft","1","2026-03-15T01:57:05.751515+00:00"
"2026-W2-v1","problem-solving","soft","6","2026-03-15T01:57:05.751515+00:00"
"2026-W2-v1","product thinking","soft","1","2026-03-15T01:57:05.751515+00:00"
"2026-W2-v1","production cost modeling","technical","1","2026-03-15T01:57:05.751515+00:00"
"2026-W2-v1","pyspark","technical","1","2026-03-15T01:57:05.751515+00:00"
"2026-W2-v1","pytest","technical","1","2026-03-15T01:57:05.751515+00:00"
"2026-W2-v1","python","technical","12","2026-03-15T01:57:05.751515+00:00"
"2026-W2-v1","pytorch","technical","2","2026-03-15T01:57:05.751515+00:00"
"2026-W2-v1","quantitative modeling","technical","1","2026-03-15T01:57:05.751515+00:00"
"2026-W2-v1","quantitative research","technical","2","2026-03-15T01:57:05.751515+00:00"
"2026-W2-v1","quicksight","technical","1","2026-03-15T01:57:05.751515+00:00"
"2026-W2-v1","r","technical","5","2026-03-15T01:57:05.751515+00:00"
"2026-W2-v1","redshift","technical","1","2026-03-15T01:57:05.751515+00:00"
"2026-W2-v1","roc curve","technical","1","2026-03-15T01:57:05.751515+00:00"
"2026-W2-v1","root cause analysis","soft","1","2026-03-15T01:57:05.751515+00:00"
"2026-W2-v1","sas","technical","1","2026-03-15T01:57:05.751515+00:00"
"2026-W2-v1","scikit-learn","technical","3","2026-03-15T01:57:05.751515+00:00"
"2026-W2-v1","scipy","technical","1","2026-03-15T01:57:05.751515+00:00"
"2026-W2-v1","seaborn","technical","1","2026-03-15T01:57:05.751515+00:00"
"2026-W2-v1","sentiment analysis","technical","1","2026-03-15T01:57:05.751515+00:00"
"2026-W2-v1","sharepoint","technical","1","2026-03-15T01:57:05.751515+00:00"
"2026-W2-v1","snowflake","technical","3","2026-03-15T01:57:05.751515+00:00"
"2026-W2-v1","software engineering","technical","1","2026-03-15T01:57:05.751515+00:00"
"2026-W2-v1","source control systems","technical","1","2026-03-15T01:57:05.751515+00:00"
"2026-W2-v1","spark","technical","3","2026-03-15T01:57:05.751515+00:00"
"2026-W2-v1","sql","technical","7","2026-03-15T01:57:05.751515+00:00"
"2026-W2-v1","stakeholder engagement","soft","4","2026-03-15T01:57:05.751515+00:00"
"2026-W2-v1","stata","technical","1","2026-03-15T01:57:05.751515+00:00"
"2026-W2-v1","statistical analysis","technical","6","2026-03-15T01:57:05.751515+00:00"
"2026-W2-v1","statistical methods","technical","2","2026-03-15T01:57:05.751515+00:00"
"2026-W2-v1","statistical modeling","technical","2","2026-03-15T01:57:05.751515+00:00"
"2026-W2-v1","statsmodels","technical","1","2026-03-15T01:57:05.751515+00:00"
"2026-W2-v1","storytelling","soft","2","2026-03-15T01:57:05.751515+00:00"
"2026-W2-v1","strategic thinking","soft","1","2026-03-15T01:57:05.751515+00:00"
"2026-W2-v1","supervised learning","technical","2","2026-03-15T01:57:05.751515+00:00"
"2026-W2-v1","tableau","technical","2","2026-03-15T01:57:05.751515+00:00"
"2026-W2-v1","teamwork","soft","3","2026-03-15T01:57:05.751515+00:00"
"2026-W2-v1","technical writing","soft","1","2026-03-15T01:57:05.751515+00:00"
"2026-W2-v1","tensorflow","technical","2","2026-03-15T01:57:05.751515+00:00"
"2026-W2-v1","teradata","technical","1","2026-03-15T01:57:05.751515+00:00"
"2026-W2-v1","testing","technical","1","2026-03-15T01:57:05.751515+00:00"
"2026-W2-v1","time-series","technical","1","2026-03-15T01:57:05.751515+00:00"
"2026-W2-v1","troubleshooting","soft","1","2026-03-15T01:57:05.751515+00:00"
"2026-W2-v1","vba","technical","2","2026-03-15T01:57:05.751515+00:00"
"2026-W2-v1","version control","technical","1","2026-03-15T01:57:05.751515+00:00"
"2026-W2-v1","visualization tools","technical","1","2026-03-15T01:57:05.751515+00:00"
"2026-W2-v1","xgboost","technical","1","2026-03-15T01:57:05.751515+00:00"
"2026-W3-v1","a/b testing","technical","3","2026-03-15T02:03:22.794415+00:00"
"2026-W3-v1","adaptability","soft","1","2026-03-15T02:03:22.794415+00:00"
"2026-W3-v1","agentic workflows","technical","1","2026-03-15T02:03:22.794415+00:00"
"2026-W3-v1","ai coding assistants","technical","1","2026-03-15T02:03:22.794415+00:00"
"2026-W3-v1","ai-enabled solutions","technical","1","2026-03-15T02:03:22.794415+00:00"
"2026-W3-v1","ai-powered tools","technical","1","2026-03-15T02:03:22.794415+00:00"
"2026-W3-v1","analytical thinking","soft","2","2026-03-15T02:03:22.794415+00:00"
"2026-W3-v1","api development","technical","1","2026-03-15T02:03:22.794415+00:00"
"2026-W3-v1","api integration","technical","1","2026-03-15T02:03:22.794415+00:00"
"2026-W3-v1","apis","technical","1","2026-03-15T02:03:22.794415+00:00"
"2026-W3-v1","automation","technical","1","2026-03-15T02:03:22.794415+00:00"
"2026-W3-v1","aws","technical","1","2026-03-15T02:03:22.794415+00:00"
"2026-W3-v1","bigquery","technical","1","2026-03-15T02:03:22.794415+00:00"
"2026-W3-v1","business intelligence","technical","1","2026-03-15T02:03:22.794415+00:00"
"2026-W3-v1","categorical encoding","technical","1","2026-03-15T02:03:22.794415+00:00"
"2026-W3-v1","causal inference","technical","1","2026-03-15T02:03:22.794415+00:00"
"2026-W3-v1","chartio","technical","1","2026-03-15T02:03:22.794415+00:00"
"2026-W3-v1","claims data","technical","1","2026-03-15T02:03:22.794415+00:00"
"2026-W3-v1","claude code","technical","1","2026-03-15T02:03:22.794415+00:00"
"2026-W3-v1","clustering","technical","2","2026-03-15T02:03:22.794415+00:00"
"2026-W3-v1","cohort analysis","technical","1","2026-03-15T02:03:22.794415+00:00"
"2026-W3-v1","collaboration","soft","5","2026-03-15T02:03:22.794415+00:00"
"2026-W3-v1","communication","soft","10","2026-03-15T02:03:22.794415+00:00"
"2026-W3-v1","containerization","technical","1","2026-03-15T02:03:22.794415+00:00"
"2026-W3-v1","continuous auditing","technical","1","2026-03-15T02:03:22.794415+00:00"
"2026-W3-v1","creative thinking","soft","1","2026-03-15T02:03:22.794415+00:00"
"2026-W3-v1","critical thinking","soft","2","2026-03-15T02:03:22.794415+00:00"
"2026-W3-v1","cross-functional collaboration","soft","2","2026-03-15T02:03:22.794415+00:00"
"2026-W3-v1","curiosity","soft","1","2026-03-15T02:03:22.794415+00:00"
"2026-W3-v1","cursor","technical","1","2026-03-15T02:03:22.794415+00:00"
"2026-W3-v1","customer-facing","soft","1","2026-03-15T02:03:22.794415+00:00"
"2026-W3-v1","dashboard development","technical","1","2026-03-15T02:03:22.794415+00:00"
"2026-W3-v1","dashboarding","technical","1","2026-03-15T02:03:22.794415+00:00"
"2026-W3-v1","dashboards","technical","1","2026-03-15T02:03:22.794415+00:00"
"2026-W3-v1","dashboards and reports","technical","1","2026-03-15T02:03:22.794415+00:00"
"2026-W3-v1","data analytics","technical","3","2026-03-15T02:03:22.794415+00:00"
"2026-W3-v1","data certification","technical","1","2026-03-15T02:03:22.794415+00:00"
"2026-W3-v1","data cleansing","technical","1","2026-03-15T02:03:22.794415+00:00"
"2026-W3-v1","data engineering","technical","1","2026-03-15T02:03:22.794415+00:00"
"2026-W3-v1","data exploration","technical","1","2026-03-15T02:03:22.794415+00:00"
"2026-W3-v1","data modeling","technical","1","2026-03-15T02:03:22.794415+00:00"
"2026-W3-v1","data optimization techniques","technical","1","2026-03-15T02:03:22.794415+00:00"
"2026-W3-v1","data pipelines","technical","1","2026-03-15T02:03:22.794415+00:00"
"2026-W3-v1","data reporting","technical","1","2026-03-15T02:03:22.794415+00:00"
"2026-W3-v1","data transformation","technical","1","2026-03-15T02:03:22.794415+00:00"
"2026-W3-v1","data visualization","technical","3","2026-03-15T02:03:22.794415+00:00"
"2026-W3-v1","data-driven mindset","soft","1","2026-03-15T02:03:22.794415+00:00"
"2026-W3-v1","database fundamentals","technical","1","2026-03-15T02:03:22.794415+00:00"
"2026-W3-v1","database management","technical","1","2026-03-15T02:03:22.794415+00:00"
"2026-W3-v1","dbt","technical","1","2026-03-15T02:03:22.794415+00:00"
"2026-W3-v1","decision trees","technical","1","2026-03-15T02:03:22.794415+00:00"
"2026-W3-v1","dimensionality reduction","technical","1","2026-03-15T02:03:22.794415+00:00"
"2026-W3-v1","docker","technical","1","2026-03-15T02:03:22.794415+00:00"
"2026-W3-v1","ehr data","technical","1","2026-03-15T02:03:22.794415+00:00"
"2026-W3-v1","elt orchestration","technical","1","2026-03-15T02:03:22.794415+00:00"
"2026-W3-v1","embeddings","technical","1","2026-03-15T02:03:22.794415+00:00"
"2026-W3-v1","engagement management","soft","1","2026-03-15T02:03:22.794415+00:00"
"2026-W3-v1","etl","technical","1","2026-03-15T02:03:22.794415+00:00"
"2026-W3-v1","excel","technical","2","2026-03-15T02:03:22.794415+00:00"
"2026-W3-v1","feature engineering","technical","1","2026-03-15T02:03:22.794415+00:00"
"2026-W3-v1","forecasting","technical","1","2026-03-15T02:03:22.794415+00:00"
"2026-W3-v1","funnel optimization","technical","1","2026-03-15T02:03:22.794415+00:00"
"2026-W3-v1","generative ai","technical","1","2026-03-15T02:03:22.794415+00:00"
"2026-W3-v1","genomics data","technical","1","2026-03-15T02:03:22.794415+00:00"
"2026-W3-v1","geospatial data","technical","1","2026-03-15T02:03:22.794415+00:00"
"2026-W3-v1","github","technical","1","2026-03-15T02:03:22.794415+00:00"
"2026-W3-v1","healthcare datasets","technical","1","2026-03-15T02:03:22.794415+00:00"
"2026-W3-v1","hedonic regression","technical","1","2026-03-15T02:03:22.794415+00:00"
"2026-W3-v1","hypothesis testing","technical","1","2026-03-15T02:03:22.794415+00:00"
"2026-W3-v1","imaging data","technical","1","2026-03-15T02:03:22.794415+00:00"
"2026-W3-v1","information extraction","technical","1","2026-03-15T02:03:22.794415+00:00"
"2026-W3-v1","interpersonal skills","soft","1","2026-03-15T02:03:22.794415+00:00"
"2026-W3-v1","leadership","soft","1","2026-03-15T02:03:22.794415+00:00"
"2026-W3-v1","learning agility","soft","1","2026-03-15T02:03:22.794415+00:00"
"2026-W3-v1","llm applications","technical","1","2026-03-15T02:03:22.794415+00:00"
"2026-W3-v1","logistic regression","technical","1","2026-03-15T02:03:22.794415+00:00"
"2026-W3-v1","looker","technical","3","2026-03-15T02:03:22.794415+00:00"
"2026-W3-v1","machine learning","technical","5","2026-03-15T02:03:22.794415+00:00"
"2026-W3-v1","make","technical","1","2026-03-15T02:03:22.794415+00:00"
"2026-W3-v1","matlab","technical","1","2026-03-15T02:03:22.794415+00:00"
"2026-W3-v1","mentoring","soft","1","2026-03-15T02:03:22.794415+00:00"
"2026-W3-v1","model evaluation","technical","1","2026-03-15T02:03:22.794415+00:00"
"2026-W3-v1","multimodal data integration","technical","1","2026-03-15T02:03:22.794415+00:00"
"2026-W3-v1","multitasking","soft","1","2026-03-15T02:03:22.794415+00:00"
"2026-W3-v1","n8n","technical","1","2026-03-15T02:03:22.794415+00:00"
"2026-W3-v1","neo4j","technical","1","2026-03-15T02:03:22.794415+00:00"
"2026-W3-v1","nlp","technical","1","2026-03-15T02:03:22.794415+00:00"
"2026-W3-v1","organization","soft","1","2026-03-15T02:03:22.794415+00:00"
"2026-W3-v1","ownership","soft","1","2026-03-15T02:03:22.794415+00:00"
"2026-W3-v1","partnership","soft","1","2026-03-15T02:03:22.794415+00:00"
"2026-W3-v1","pathology data","technical","1","2026-03-15T02:03:22.794415+00:00"
"2026-W3-v1","power bi","technical","2","2026-03-15T02:03:22.794415+00:00"
"2026-W3-v1","powerpivot","technical","1","2026-03-15T02:03:22.794415+00:00"
"2026-W3-v1","powerquery","technical","1","2026-03-15T02:03:22.794415+00:00"
"2026-W3-v1","predictive modeling","technical","2","2026-03-15T02:03:22.794415+00:00"
"2026-W3-v1","presentation skills","soft","1","2026-03-15T02:03:22.794415+00:00"
"2026-W3-v1","prioritization","soft","1","2026-03-15T02:03:22.794415+00:00"
"2026-W3-v1","problem framing","soft","1","2026-03-15T02:03:22.794415+00:00"
"2026-W3-v1","problem-solving","soft","6","2026-03-15T02:03:22.794415+00:00"
"2026-W3-v1","product intuition","soft","1","2026-03-15T02:03:22.794415+00:00"
"2026-W3-v1","project management","soft","1","2026-03-15T02:03:22.794415+00:00"
"2026-W3-v1","prompt engineering","technical","1","2026-03-15T02:03:22.794415+00:00"
"2026-W3-v1","prompting","technical","1","2026-03-15T02:03:22.794415+00:00"
"2026-W3-v1","python","technical","8","2026-03-15T02:03:22.794415+00:00"
"2026-W3-v1","r","technical","4","2026-03-15T02:03:22.794415+00:00"
"2026-W3-v1","rag pipelines","technical","1","2026-03-15T02:03:22.794415+00:00"
"2026-W3-v1","regression","technical","1","2026-03-15T02:03:22.794415+00:00"
"2026-W3-v1","regression models","technical","1","2026-03-15T02:03:22.794415+00:00"
"2026-W3-v1","relationship building","soft","1","2026-03-15T02:03:22.794415+00:00"
"2026-W3-v1","research","soft","1","2026-03-15T02:03:22.794415+00:00"
"2026-W3-v1","research design","soft","1","2026-03-15T02:03:22.794415+00:00"
"2026-W3-v1","salesforce","technical","2","2026-03-15T02:03:22.794415+00:00"
"2026-W3-v1","salesforce reports","technical","1","2026-03-15T02:03:22.794415+00:00"
"2026-W3-v1","sas","technical","1","2026-03-15T02:03:22.794415+00:00"
"2026-W3-v1","semantic search","technical","1","2026-03-15T02:03:22.794415+00:00"
"2026-W3-v1","simulation","technical","1","2026-03-15T02:03:22.794415+00:00"
"2026-W3-v1","sql","technical","9","2026-03-15T02:03:22.794415+00:00"
"2026-W3-v1","stakeholder management","soft","4","2026-03-15T02:03:22.794415+00:00"
"2026-W3-v1","statistical analysis","technical","1","2026-03-15T02:03:22.794415+00:00"
"2026-W3-v1","statistical methods","technical","1","2026-03-15T02:03:22.794415+00:00"
"2026-W3-v1","strategic planning","soft","1","2026-03-15T02:03:22.794415+00:00"
"2026-W3-v1","synthesis","soft","1","2026-03-15T02:03:22.794415+00:00"
"2026-W3-v1","systems thinking","soft","1","2026-03-15T02:03:22.794415+00:00"
"2026-W3-v1","tableau","technical","2","2026-03-15T02:03:22.794415+00:00"
"2026-W3-v1","team building","soft","1","2026-03-15T02:03:22.794415+00:00"
"2026-W3-v1","teamwork","soft","1","2026-03-15T02:03:22.794415+00:00"
"2026-W3-v1","text classification","technical","1","2026-03-15T02:03:22.794415+00:00"
"2026-W3-v1","time series analysis","technical","2","2026-03-15T02:03:22.794415+00:00"
"2026-W3-v1","training","soft","2","2026-03-15T02:03:22.794415+00:00"
"2026-W3-v1","user segmentation","technical","1","2026-03-15T02:03:22.794415+00:00"
"2026-W3-v1","vector databases","technical","1","2026-03-15T02:03:22.794415+00:00"
"2026-W3-v1","workday","technical","1","2026-03-15T02:03:22.794415+00:00"
"2026-W3-v1","workflow automation","technical","1","2026-03-15T02:03:22.794415+00:00"
"2026-W4-V1","ai agents","technical","2","2026-03-15T02:03:05.047722+00:00"
"2026-W4-V1","ai model integration","technical","1","2026-03-15T02:03:05.047722+00:00"
"2026-W4-V1","algorithms","technical","1","2026-03-15T02:03:05.047722+00:00"
"2026-W4-V1","analytical skills","soft","1","2026-03-15T02:03:05.047722+00:00"
"2026-W4-V1","apis","technical","1","2026-03-15T02:03:05.047722+00:00"
"2026-W4-V1","attention to detail","soft","1","2026-03-15T02:03:05.047722+00:00"
"2026-W4-V1","aws","technical","3","2026-03-15T02:03:05.047722+00:00"
"2026-W4-V1","azure","technical","2","2026-03-15T02:03:05.047722+00:00"
"2026-W4-V1","bigquery","technical","1","2026-03-15T02:03:05.047722+00:00"
"2026-W4-V1","business acumen","soft","1","2026-03-15T02:03:05.047722+00:00"
"2026-W4-V1","collaboration","soft","4","2026-03-15T02:03:05.047722+00:00"
"2026-W4-V1","communication","soft","7","2026-03-15T02:03:05.047722+00:00"
"2026-W4-V1","computer vision","technical","1","2026-03-15T02:03:05.047722+00:00"
"2026-W4-V1","continuous learning","soft","1","2026-03-15T02:03:05.047722+00:00"
"2026-W4-V1","critical thinking","soft","2","2026-03-15T02:03:05.047722+00:00"
"2026-W4-V1","cross-functional teamwork","soft","2","2026-03-15T02:03:05.047722+00:00"
"2026-W4-V1","customer relationship management","soft","1","2026-03-15T02:03:05.047722+00:00"
"2026-W4-V1","customer-centric mindset","soft","1","2026-03-15T02:03:05.047722+00:00"
"2026-W4-V1","data modeling","technical","1","2026-03-15T02:03:05.047722+00:00"
"2026-W4-V1","data pipelines","technical","2","2026-03-15T02:03:05.047722+00:00"
"2026-W4-V1","data science methods","technical","2","2026-03-15T02:03:05.047722+00:00"
"2026-W4-V1","data structures","technical","1","2026-03-15T02:03:05.047722+00:00"
"2026-W4-V1","data visualization","technical","3","2026-03-15T02:03:05.047722+00:00"
"2026-W4-V1","data warehousing","technical","1","2026-03-15T02:03:05.047722+00:00"
"2026-W4-V1","databricks","technical","1","2026-03-15T02:03:05.047722+00:00"
"2026-W4-V1","erp systems","technical","1","2026-03-15T02:03:05.047722+00:00"
"2026-W4-V1","etl processes","technical","1","2026-03-15T02:03:05.047722+00:00"
"2026-W4-V1","experimental design","technical","1","2026-03-15T02:03:05.047722+00:00"
"2026-W4-V1","exploratory data analysis","technical","1","2026-03-15T02:03:05.047722+00:00"
"2026-W4-V1","funnel analysis","technical","1","2026-03-15T02:03:05.047722+00:00"
"2026-W4-V1","gcp","technical","2","2026-03-15T02:03:05.047722+00:00"
"2026-W4-V1","git","technical","2","2026-03-15T02:03:05.047722+00:00"
"2026-W4-V1","google sheets","technical","1","2026-03-15T02:03:05.047722+00:00"
"2026-W4-V1","hadoop","technical","1","2026-03-15T02:03:05.047722+00:00"
"2026-W4-V1","hypothesis testing","technical","1","2026-03-15T02:03:05.047722+00:00"
"2026-W4-V1","independent work","soft","2","2026-03-15T02:03:05.047722+00:00"
"2026-W4-V1","influence without authority","soft","1","2026-03-15T02:03:05.047722+00:00"
"2026-W4-V1","innovation","soft","1","2026-03-15T02:03:05.047722+00:00"
"2026-W4-V1","intellectual curiosity","soft","2","2026-03-15T02:03:05.047722+00:00"
"2026-W4-V1","large language models","technical","2","2026-03-15T02:03:05.047722+00:00"
"2026-W4-V1","learning","soft","1","2026-03-15T02:03:05.047722+00:00"
"2026-W4-V1","machine learning","technical","6","2026-03-15T02:03:05.047722+00:00"
"2026-W4-V1","machine learning models","technical","2","2026-03-15T02:03:05.047722+00:00"
"2026-W4-V1","machine learning pipelines","technical","1","2026-03-15T02:03:05.047722+00:00"
"2026-W4-V1","mapreduce","technical","1","2026-03-15T02:03:05.047722+00:00"
"2026-W4-V1","marketing analytics","technical","1","2026-03-15T02:03:05.047722+00:00"
"2026-W4-V1","matplotlib","technical","1","2026-03-15T02:03:05.047722+00:00"
"2026-W4-V1","mentoring","soft","1","2026-03-15T02:03:05.047722+00:00"
"2026-W4-V1","microsoft excel","technical","1","2026-03-15T02:03:05.047722+00:00"
"2026-W4-V1","model deployment","technical","1","2026-03-15T02:03:05.047722+00:00"
"2026-W4-V1","model evaluation","technical","1","2026-03-15T02:03:05.047722+00:00"
"2026-W4-V1","mongodb","technical","2","2026-03-15T02:03:05.047722+00:00"
"2026-W4-V1","nlp","technical","1","2026-03-15T02:03:05.047722+00:00"
"2026-W4-V1","numpy","technical","1","2026-03-15T02:03:05.047722+00:00"
"2026-W4-V1","object-oriented programming","technical","1","2026-03-15T02:03:05.047722+00:00"
"2026-W4-V1","oracle","technical","1","2026-03-15T02:03:05.047722+00:00"
"2026-W4-V1","organizational skills","soft","1","2026-03-15T02:03:05.047722+00:00"
"2026-W4-V1","ownership","soft","1","2026-03-15T02:03:05.047722+00:00"
"2026-W4-V1","pandas","technical","2","2026-03-15T02:03:05.047722+00:00"
"2026-W4-V1","pipeline attribution","technical","1","2026-03-15T02:03:05.047722+00:00"
"2026-W4-V1","power bi","technical","1","2026-03-15T02:03:05.047722+00:00"
"2026-W4-V1","pql","technical","1","2026-03-15T02:03:05.047722+00:00"
"2026-W4-V1","presentation skills","soft","1","2026-03-15T02:03:05.047722+00:00"
"2026-W4-V1","prioritization","soft","2","2026-03-15T02:03:05.047722+00:00"
"2026-W4-V1","probability theory","technical","1","2026-03-15T02:03:05.047722+00:00"
"2026-W4-V1","problem-solving","soft","6","2026-03-15T02:03:05.047722+00:00"
"2026-W4-V1","production-quality python code","technical","2","2026-03-15T02:03:05.047722+00:00"
"2026-W4-V1","project delivery","soft","1","2026-03-15T02:03:05.047722+00:00"
"2026-W4-V1","python","technical","8","2026-03-15T02:03:05.047722+00:00"
"2026-W4-V1","pytorch","technical","1","2026-03-15T02:03:05.047722+00:00"
"2026-W4-V1","regression analysis","technical","1","2026-03-15T02:03:05.047722+00:00"
"2026-W4-V1","retail kpis","technical","1","2026-03-15T02:03:05.047722+00:00"
"2026-W4-V1","salesforce","technical","1","2026-03-15T02:03:05.047722+00:00"
"2026-W4-V1","sap","technical","1","2026-03-15T02:03:05.047722+00:00"
"2026-W4-V1","seaborn","technical","1","2026-03-15T02:03:05.047722+00:00"
"2026-W4-V1","sigma","technical","1","2026-03-15T02:03:05.047722+00:00"
"2026-W4-V1","spark","technical","2","2026-03-15T02:03:05.047722+00:00"
"2026-W4-V1","spark ml","technical","1","2026-03-15T02:03:05.047722+00:00"
"2026-W4-V1","sql","technical","5","2026-03-15T02:03:05.047722+00:00"
"2026-W4-V1","stakeholder management","soft","2","2026-03-15T02:03:05.047722+00:00"
"2026-W4-V1","stakeholder reporting","soft","1","2026-03-15T02:03:05.047722+00:00"
"2026-W4-V1","statistical analysis","technical","2","2026-03-15T02:03:05.047722+00:00"
"2026-W4-V1","statistical modeling","technical","1","2026-03-15T02:03:05.047722+00:00"
"2026-W4-V1","statistical theory","technical","1","2026-03-15T02:03:05.047722+00:00"
"2026-W4-V1","statistics","technical","1","2026-03-15T02:03:05.047722+00:00"
"2026-W4-V1","systems analysis","soft","1","2026-03-15T02:03:05.047722+00:00"
"2026-W4-V1","tableau","technical","3","2026-03-15T02:03:05.047722+00:00"
"2026-W4-V1","task decomposition","soft","1","2026-03-15T02:03:05.047722+00:00"
"2026-W4-V1","teamwork","soft","4","2026-03-15T02:03:05.047722+00:00"
"2026-W4-V1","tensorflow","technical","1","2026-03-15T02:03:05.047722+00:00"
"2026-W4-V1","translating ambiguous questions","soft","1","2026-03-15T02:03:05.047722+00:00"
"2026-W4-V1","version control","technical","1","2026-03-15T02:03:05.047722+00:00"
"2026-W4-V1","website analytics","technical","1","2026-03-15T02:03:05.047722+00:00"